USERNAME,PASSWORD
10684,10684
10693,10693
10703,10703
10704,10704
10717,10717
10719,10719
10720,1072
10724,10724
10728,10728
10729,10729
10733,10733
10734,10734
10737,10737
10740,1074
10752,10752
10755,10755
10759,10759
10763,10763
10784,10784
10795,10795
10797,10797
10803,10803
10813,10813
10818,10818
10820,1082
10888,10888
10825,10825
10832,10832
10845,10845
10846,10846
10847,10847
10871,10871
10872,10872
10875,10875
10882,10882
10676,10676
11102,11102
10682,10682
10698,10698
10699,10699
10706,10706
10707,10707
10715,10715
10716,10716
10721,10721
10727,10727
10738,10738
10743,10743
10748,10748
10754,10754
10760,1076
11104,11104
10769,10769
10771,10771
10772,10772
10775,10775
10787,10787
10791,10791
10793,10793
10816,10816
10821,10821
10828,10828
10831,10831
10835,10835
10839,10839
10841,10841
10850,1085
10851,10851
10860,1086
10870,1087
10876,10876
10679,10679
10685,10685
10689,10689
10690,1069
10695,10695
10700,107
10708,10708
10709,10709
10711,10711
10726,10726
10735,10735
10751,10751
11103,11103
11329,11329
10776,10776
10785,10785
10788,10788
10794,10794
10799,10799
10801,10801
10802,10802
10808,10808
10812,10812
10833,10833
10844,10844
10848,10848
10856,10856
10863,10863
10866,10866
10867,10867
10868,10868
10877,10877
10878,10878
10880,1088
10670,1067
10672,10672
10674,10674
10677,10677
10687,10687
10692,10692
10710,1071
10712,10712
10718,10718
10739,10739
10741,10741
10745,10745
10762,10762
10766,10766
10767,10767
10777,10777
10778,10778
10782,10782
10792,10792
10798,10798
10807,10807
10809,10809
10810,1081
10819,10819
10829,10829
10837,10837
10840,1084
10843,10843
10849,10849
10854,10854
10855,10855
10861,10861
10862,10862
10864,10864
10865,10865
10874,10874
10673,10673
10680,1068
10683,10683
10691,10691
10694,10694
10701,10701
10702,10702
10714,10714
10723,10723
10731,10731
10732,10732
10746,10746
10749,10749
10750,1075
10753,10753
10757,10757
10758,10758
10764,10764
11105,11105
10770,1077
10887,10887
10774,10774
10783,10783
10811,10811
10814,10814
10815,10815
10817,10817
10826,10826
10830,1083
10834,10834
10836,10836
10853,10853
10859,10859
10873,10873
10879,10879
10881,10881
10671,10671
10675,10675
10678,10678
10688,10688
10697,10697
10705,10705
10713,10713
10722,10722
10725,10725
10730,1073
10736,10736
10742,10742
10744,10744
10747,10747
10761,10761
10765,10765
10768,10768
10779,10779
10780,1078
10781,10781
10786,10786
10789,10789
10790,1079
10796,10796
10800,108
10805,10805
10806,10806
10822,10822
10823,10823
10838,10838
10842,10842
10852,10852
10857,10857
10858,10858
10869,10869
10883,10883
